{"cameraMode":{"drawMode":0,"name":"Shaded","section":"Shading Mode"},"sceneLighting":true,"audioPlay":false,"sceneViewState":{"m_AlwaysRefresh":false,"showFog":true,"showSkybox":true,"showFlares":true,"showImageEffects":true,"showParticleSystems":true,"showVisualEffectGraphs":true,"m_FxEnabled":true},"in2DMode":false,"pivot":{"x":-0.8855869770050049,"y":-3.4085373878479006,"z":5.603723526000977},"rotation":{"x":-0.3497490882873535,"y":-0.0050611370243132118,"z":0.001890515093691647,"w":-0.9368246793746948},"size":6.8907470703125,"orthographic":false}